[{"model": "polls.survey", "pk": 1, "fields": {"name": "\u041e\u043f\u0440\u043e\u0441 \u0420\u0416\u0414", "description": "\u041e\u043f\u0438\u0441\u0430\u043d\u0438\u0435 \u043e\u043f\u0440\u043e\u0441\u0430"}}, {"model": "polls.survey", "pk": 2, "fields": {"name": "\u041e\u043f\u0440\u043e\u0441\u043d\u0438\u043a", "description": "\u041f\u0440\u043e\u0441\u0442\u043e \u0445\u043e\u0447\u0443 \u043f\u043e\u043f\u0440\u043e\u0431\u043e\u0432\u0430\u0442\u044c"}}, {"model": "polls.choicelist", "pk": 1, "fields": {"name": "\u0414\u0430 / \u041d\u0435\u0442 / \u0417\u0430\u0442\u0440\u0443\u0434\u043d\u044f\u044e\u0441\u044c"}}, {"model": "polls.choicelist", "pk": 2, "fields": {"name": "\u0412\u043b\u0430\u0434\u0435\u043d\u0438\u0435 \u044f\u0437\u044b\u043a\u043e\u043c"}}, {"model": "polls.choicelist", "pk": 3, "fields": {"name": "\u0423\u0440\u043e\u0432\u0435\u043d\u044c \u043e\u0431\u0440\u0430\u0437\u043e\u0432\u0430\u043d\u0438\u044f"}}, {"model": "polls.choicelist", "pk": 4, "fields": {"name": "\u0421\u0435\u043c\u0435\u0439\u043d\u043e\u0435 \u043f\u043e\u043b\u043e\u0436\u0435\u043d\u0438\u0435"}}, {"model": "polls.choicelist", "pk": 5, "fields": {"name": "\u041a\u043e\u043b\u0438\u0447\u0435\u0441\u0442\u0432\u043e \u0434\u0435\u0442\u0435\u0439"}}, {"model": "polls.choicelist", "pk": 6, "fields": {"name": "\u0421\u0442\u0430\u0436 \u0440\u0430\u0431\u043e\u0442\u044b"}}, {"model": "polls.choicelist", "pk": 7, "fields": {"name": "\u041f\u043e\u043b\u043d\u044b\u0445 \u043b\u0435\u0442"}}, {"model": "polls.choicelist", "pk": 8, "fields": {"name": "\u041f\u043e\u043b"}}, {"model": "polls.choicelist", "pk": 9, "fields": {"name": "\u041a\u0430\u0442\u0435\u0433\u043e\u0440\u0438\u0438 \u0440\u0430\u0431\u043e\u0442\u043d\u0438\u043a\u043e\u0432"}}, {"model": "polls.choicelist", "pk": 10, "fields": {"name": "\u0413\u0440\u0443\u043f\u043f\u044b \u043f\u0440\u043e\u0444\u0435\u0441\u0441\u0438\u0439"}}, {"model": "polls.choicelist", "pk": 11, "fields": {"name": "\u0420\u0435\u0437\u0443\u043b\u044c\u0442\u0430\u0442\u044b \u043e\u0442\u043d\u043e\u0441\u0438\u0442\u0435\u043b\u044c\u043d\u043e \u043e\u0436\u0438\u0434\u0430\u043d\u0438\u0439"}}, {"model": "polls.choicelist", "pk": 12, "fields": {"name": "\u041a\u0430\u043a \u0434\u043e\u043b\u0433\u043e \u0435\u0449\u0435 \u0440\u0430\u0431\u043e\u0442\u0430\u0442\u044c"}}, {"model": "polls.choicelist", "pk": 13, "fields": {"name": "\u041f\u0440\u043e\u0435\u043a\u0442\u044b \u0420\u0416\u0414"}}, {"model": "polls.choice", "pk": 1, "fields": {"choice_list": 1, "name": "\u0414\u0430"}}, {"model": "polls.choice", "pk": 2, "fields": {"choice_list": 1, "name": "\u041d\u0435\u0442"}}, {"model": "polls.choice", "pk": 3, "fields": {"choice_list": 1, "name": "\u0417\u0430\u0442\u0440\u0443\u0434\u043d\u044f\u044e\u0441\u044c \u043e\u0442\u0432\u0435\u0442\u0438\u0442\u044c"}}, {"model": "polls.choice", "pk": 4, "fields": {"choice_list": 2, "name": "\u041d\u0435 \u0432\u043b\u0430\u0434\u0435\u044e"}}, {"model": "polls.choice", "pk": 5, "fields": {"choice_list": 2, "name": "\u041d\u0430\u0447\u0430\u043b\u044c\u043d\u044b\u0439 \u0443\u0440\u043e\u0432\u0435\u043d\u044c"}}, {"model": "polls.choice", "pk": 6, "fields": {"choice_list": 2, "name": "\u042d\u043b\u0435\u043c\u0435\u043d\u0442\u0430\u0440\u043d\u044b\u0439 \u0443\u0440\u043e\u0432\u0435\u043d\u044c"}}, {"model": "polls.choice", "pk": 7, "fields": {"choice_list": 2, "name": "\u0411\u0430\u0437\u043e\u0432\u044b\u0439 \u0443\u0440\u043e\u0432\u0435\u043d\u044c"}}, {"model": "polls.choice", "pk": 8, "fields": {"choice_list": 2, "name": "\u041f\u0440\u043e\u0433\u0440\u0435\u0441\u0441\u0438\u0432\u043d\u044b\u0439 \u0443\u0440\u043e\u0432\u0435\u043d\u044c"}}, {"model": "polls.choice", "pk": 9, "fields": {"choice_list": 2, "name": "\u041d\u0435\u0442 \u043e\u0442\u0432\u0435\u0442\u0430"}}, {"model": "polls.choice", "pk": 10, "fields": {"choice_list": 3, "name": "\u0421\u0440\u0435\u0434\u043d\u0435\u0435"}}, {"model": "polls.choice", "pk": 11, "fields": {"choice_list": 3, "name": "\u0421\u0440\u0435\u0434\u043d\u0435\u0435 \u0441\u043f\u0435\u0446\u0438\u0430\u043b\u044c\u043d\u043e\u0435, \u0441\u0440\u0435\u0434\u043d\u0435\u0435 \u0442\u0435\u0445\u043d\u0438\u0447\u0435\u0441\u043a\u043e\u0435"}}, {"model": "polls.choice", "pk": 12, "fields": {"choice_list": 3, "name": "\u041d\u0435\u043e\u043a\u043e\u043d\u0447\u0435\u043d\u043d\u043e\u0435 \u0432\u044b\u0441\u0448\u0435\u0435"}}, {"model": "polls.choice", "pk": 13, "fields": {"choice_list": 3, "name": "\u0412\u044b\u0441\u0448\u0435\u0435 \u0436\u0435\u043b\u0435\u0437\u043d\u043e\u0434\u043e\u0440\u043e\u0436\u043d\u043e\u0435"}}, {"model": "polls.choice", "pk": 14, "fields": {"choice_list": 3, "name": "\u0412\u044b\u0441\u0448\u0435\u0435 \u0434\u0440\u0443\u0433\u043e\u0435 (\u0431\u0430\u043a\u0430\u043b\u0430\u0432\u0440, \u043c\u0430\u0433\u0438\u0441\u0442\u0440, \u0441\u043f\u0435\u0446\u0438\u0430\u043b\u0438\u0441\u0442)"}}, {"model": "polls.choice", "pk": 15, "fields": {"choice_list": 3, "name": "\u0411\u043e\u043b\u0435\u0435 \u043e\u0434\u043d\u043e\u0433\u043e \u0432\u044b\u0441\u0448\u0435\u0433\u043e"}}, {"model": "polls.choice", "pk": 16, "fields": {"choice_list": 3, "name": "\u0414\u0440\u0443\u0433\u043e\u0435"}}, {"model": "polls.choice", "pk": 17, "fields": {"choice_list": 3, "name": "\u041d\u0435\u0442 \u043e\u0442\u0432\u0435\u0442\u0430"}}, {"model": "polls.choice", "pk": 18, "fields": {"choice_list": 4, "name": "\u0416\u0435\u043d\u0430\u0442/\u0437\u0430\u043c\u0443\u0436\u0435\u043c"}}, {"model": "polls.choice", "pk": 19, "fields": {"choice_list": 4, "name": "\u041d\u0435 \u0436\u0435\u043d\u0430\u0442/\u043d\u0435 \u0437\u0430\u043c\u0443\u0436\u0435\u043c, \u0440\u0430\u0437\u0432\u0435\u0434\u0435\u043d(\u0430), \u0432\u0434\u043e\u0432\u0435\u0446 (\u0432\u0434\u043e\u0432\u0430)"}}, {"model": "polls.choice", "pk": 20, "fields": {"choice_list": 4, "name": "\u041d\u0435\u0442 \u043e\u0442\u0432\u0435\u0442\u0430"}}, {"model": "polls.choice", "pk": 21, "fields": {"choice_list": 5, "name": "1 \u0440\u0435\u0431\u0451\u043d\u043e\u043a"}}, {"model": "polls.choice", "pk": 22, "fields": {"choice_list": 5, "name": "2 \u0440\u0435\u0431\u0451\u043d\u043a\u0430"}}, {"model": "polls.choice", "pk": 23, "fields": {"choice_list": 5, "name": "3 \u0438 \u0431\u043e\u043b\u0435\u0435 \u0434\u0435\u0442\u0435\u0439"}}, {"model": "polls.choice", "pk": 24, "fields": {"choice_list": 5, "name": "\u041d\u0435\u0442 \u0434\u0435\u0442\u0435\u0439"}}, {"model": "polls.choice", "pk": 25, "fields": {"choice_list": 5, "name": "\u041d\u0435\u0442 \u043e\u0442\u0432\u0435\u0442\u0430"}}, {"model": "polls.choice", "pk": 26, "fields": {"choice_list": 6, "name": "\u0414\u043e 1 \u0433\u043e\u0434\u0430"}}, {"model": "polls.choice", "pk": 27, "fields": {"choice_list": 6, "name": "\u041e\u0442 1 \u0434\u043e 3 \u043b\u0435\u0442"}}, {"model": "polls.choice", "pk": 28, "fields": {"choice_list": 6, "name": "\u041e\u0442 3 \u0434\u043e 5 \u043b\u0435\u0442"}}, {"model": "polls.choice", "pk": 29, "fields": {"choice_list": 6, "name": "\u041e\u0442 5 \u0434\u043e 10 \u043b\u0435\u0442"}}, {"model": "polls.choice", "pk": 30, "fields": {"choice_list": 6, "name": "\u041e\u0442 10 \u0438 \u0431\u043e\u043b\u0435\u0435 \u043b\u0435\u0442"}}, {"model": "polls.choice", "pk": 31, "fields": {"choice_list": 6, "name": "\u041d\u0435\u0442 \u043e\u0442\u0432\u0435\u0442\u0430"}}, {"model": "polls.choice", "pk": 32, "fields": {"choice_list": 7, "name": "17 - 21 \u0433\u043e\u0434"}}, {"model": "polls.choice", "pk": 33, "fields": {"choice_list": 7, "name": "22 - 25 \u043b\u0435\u0442"}}, {"model": "polls.choice", "pk": 34, "fields": {"choice_list": 7, "name": "26 \u0438 \u0431\u043e\u043b\u0435\u0435 \u043b\u0435\u0442"}}, {"model": "polls.choice", "pk": 35, "fields": {"choice_list": 7, "name": "\u041d\u0435\u0442 \u043e\u0442\u0432\u0435\u0442\u0430"}}, {"model": "polls.choice", "pk": 36, "fields": {"choice_list": 8, "name": "\u041c\u0443\u0436\u0441\u043a\u043e\u0439"}}, {"model": "polls.choice", "pk": 37, "fields": {"choice_list": 8, "name": "\u0416\u0435\u043d\u0441\u043a\u0438\u0439"}}, {"model": "polls.choice", "pk": 38, "fields": {"choice_list": 8, "name": "\u041d\u0435\u0442 \u043e\u0442\u0432\u0435\u0442\u0430"}}, {"model": "polls.choice", "pk": 39, "fields": {"choice_list": 9, "name": "\u0420\u0443\u043a\u043e\u0432\u043e\u0434\u0438\u0442\u0435\u043b\u0438 \u0441\u0442\u0440\u0443\u043a\u0442\u0443\u0440\u043d\u044b\u0445 \u043f\u043e\u0434\u0440\u0430\u0437\u0434\u0435\u043b\u0435\u043d\u0438\u0439, \u043f\u0440\u0435\u0434\u043f\u0440\u0438\u044f\u0442\u0438\u0439"}}, {"model": "polls.choice", "pk": 40, "fields": {"choice_list": 9, "name": "\u041f\u0440\u043e\u0447\u0438\u0435 \u0440\u0443\u043a\u043e\u0432\u043e\u0434\u0438\u0442\u0435\u043b\u0438 (\u043c\u0430\u0441\u0442\u0435\u0440\u0430, \u043d\u0430\u0447. \u0443\u0447\u0430\u0441\u0442\u043a\u043e\u0432 \u0438 \u0442.\u0434.)"}}, {"model": "polls.choice", "pk": 41, "fields": {"choice_list": 9, "name": "\u0421\u043f\u0435\u0446\u0438\u0430\u043b\u0438\u0441\u0442\u044b, \u0418\u0422\u0420"}}, {"model": "polls.choice", "pk": 42, "fields": {"choice_list": 9, "name": "\u0421\u043b\u0443\u0436\u0430\u0449\u0438\u0435"}}, {"model": "polls.choice", "pk": 43, "fields": {"choice_list": 9, "name": "\u0420\u0430\u0431\u043e\u0447\u0438\u0435 (1-4 \u0440\u0430\u0437\u0440\u044f\u0434)"}}, {"model": "polls.choice", "pk": 44, "fields": {"choice_list": 9, "name": "\u0420\u0430\u0431\u043e\u0447\u0438\u0435 (5 \u0440\u0430\u0437\u0440\u044f\u0434 \u0438 \u0432\u044b\u0448\u0435)"}}, {"model": "polls.choice", "pk": 45, "fields": {"choice_list": 9, "name": "\u0414\u0440\u0443\u0433\u043e\u0435"}}, {"model": "polls.choice", "pk": 46, "fields": {"choice_list": 9, "name": "\u041d\u0435\u0442 \u043e\u0442\u0432\u0435\u0442\u0430"}}, {"model": "polls.choice", "pk": 47, "fields": {"choice_list": 10, "name": "\u0414\u0435\u0436\u0443\u0440\u043d\u044b\u0439 \u043f\u043e \u0441\u0442\u0430\u043d\u0446\u0438\u044f\u043c, \u0440\u0430\u0437\u044a\u0435\u0437\u0434\u0430\u043c \u0438 \u043f\u043e\u0441\u0442\u0430\u043c"}}, {"model": "polls.choice", "pk": 48, "fields": {"choice_list": 10, "name": "\u0421\u043e\u0441\u0442\u0430\u0432\u0438\u0442\u0435\u043b\u044c \u043f\u043e\u0435\u0437\u0434\u043e\u0432"}}, {"model": "polls.choice", "pk": 49, "fields": {"choice_list": 10, "name": "\u0414\u0435\u0436\u0443\u0440\u043d\u044b\u0439 \u0441\u0442\u0440\u0435\u043b. \u043f\u043e\u0441\u0442\u043e\u0432, \u043e\u043f\u0435\u0440\u0430\u0442\u043e\u0440 \u041f\u0426, \u0441\u0438\u0433\u043d\u0430\u043b\u0438\u0441\u0442"}}, {"model": "polls.choice", "pk": 50, "fields": {"choice_list": 10, "name": "\u041c\u0430\u0448\u0438\u043d\u0438\u0441\u0442 \u044d\u043b\u0435\u043a\u0442\u0440\u043e\u0432\u043e\u0437\u0430 / \u044d\u043b\u0435\u043a\u0442\u0440\u043e\u043f\u043e\u0435\u0437\u0434\u0430"}}, {"model": "polls.choice", "pk": 51, "fields": {"choice_list": 10, "name": "\u041c\u0430\u0448\u0438\u043d\u0438\u0441\u0442 \u0442\u0435\u043f\u043b\u043e\u0432\u043e\u0437\u0430 / \u0434\u0438\u0437\u0435\u043b\u044c - \u043f\u043e\u0435\u0437\u0434\u0430"}}, {"model": "polls.choice", "pk": 52, "fields": {"choice_list": 10, "name": "\u041f\u043e\u043c\u043e\u0449\u043d\u0438\u043a \u043c\u0430\u0448\u0438\u043d\u0438\u0441\u0442\u0430 \u044d\u043b\u0435\u043a\u0442\u0440\u043e\u0432\u043e\u0437\u0430  / \u044d\u043b\u0435\u043a\u0442\u0440\u043e\u043f\u043e\u0435\u0437\u0434\u0430"}}, {"model": "polls.choice", "pk": 53, "fields": {"choice_list": 10, "name": "\u041f\u043e\u043c\u043e\u0449\u043d\u0438\u043a \u043c\u0430\u0448\u0438\u043d\u0438\u0441\u0442\u0430 \u0442\u0435\u043f\u043b\u043e\u0432\u043e\u0437\u0430 / \u0434\u0438\u0437\u0435\u043b\u044c - \u043f\u043e\u0435\u0437\u0434\u0430"}}, {"model": "polls.choice", "pk": 54, "fields": {"choice_list": 10, "name": "\u0421\u043b\u0435\u0441\u0430\u0440\u044c (\u0432\u0441\u0435\u0445 \u043d\u0430\u0438\u043c\u0435\u043d\u043e\u0432\u0430\u043d\u0438\u0439)"}}, {"model": "polls.choice", "pk": 55, "fields": {"choice_list": 10, "name": "\u041e\u0441\u043c\u043e\u0442\u0440\u0449\u0438\u043a \u0432\u0430\u0433\u043e\u043d\u043e\u0432 (\u0432\u0441\u0435\u0445 \u043d\u0430\u0438\u043c\u0435\u043d\u043e\u0432\u0430\u043d\u0438\u0439)"}}, {"model": "polls.choice", "pk": 56, "fields": {"choice_list": 10, "name": "\u041f\u0440\u0438\u0435\u043c\u043e\u0441\u0434\u0430\u0442\u0447\u0438\u043a \u0433\u0440\u0443\u0437\u0430 \u0438 \u0431\u0430\u0433\u0430\u0436\u0430"}}, {"model": "polls.choice", "pk": 57, "fields": {"choice_list": 10, "name": "\u041c\u043e\u043d\u0442\u0435\u0440 \u043f\u0443\u0442\u0438"}}, {"model": "polls.choice", "pk": 58, "fields": {"choice_list": 10, "name": "\u041c\u0430\u0448\u0438\u043d\u0438\u0441\u0442 \u0416\u0414\u0421\u041c"}}, {"model": "polls.choice", "pk": 59, "fields": {"choice_list": 10, "name": "\u042d\u043b\u0435\u043a\u0442\u0440\u043e\u043c\u043e\u043d\u0442\u0435\u0440 \u0421\u0426\u0411 \u0438 \u0441\u0432\u044f\u0437\u0438"}}, {"model": "polls.choice", "pk": 60, "fields": {"choice_list": 10, "name": "\u042d\u043b\u0435\u043a\u0442\u0440\u043e\u043c\u0435\u0445\u0430\u043d\u0438\u043a \u0421\u0426\u0411 \u0438 \u0441\u0432\u044f\u0437\u0438"}}, {"model": "polls.choice", "pk": 61, "fields": {"choice_list": 10, "name": "\u042d\u043b\u0435\u043a\u0442\u0440\u043e\u043c\u043e\u043d\u0442\u0435\u0440 \u043a\u043e\u043d\u0442\u0430\u043a\u0442\u043d\u043e\u0439 \u0441\u0435\u0442\u0438"}}, {"model": "polls.choice", "pk": 62, "fields": {"choice_list": 10, "name": "\u041f\u0440\u043e\u0432\u043e\u0434\u043d\u0438\u043a \u043f\u0430\u0441\u0441\u0430\u0436\u0438\u0440\u0441\u043a\u043e\u0433\u043e \u0432\u0430\u0433\u043e\u043d\u0430"}}, {"model": "polls.choice", "pk": 63, "fields": {"choice_list": 10, "name": "\u0414\u0440\u0443\u0433\u043e\u0435"}}, {"model": "polls.choice", "pk": 64, "fields": {"choice_list": 10, "name": "\u041d\u0435\u0442 \u043e\u0442\u0432\u0435\u0442\u0430"}}, {"model": "polls.choice", "pk": 65, "fields": {"choice_list": 11, "name": "\u0412\u044b\u0448\u0435 \u043e\u0436\u0438\u0434\u0430\u043d\u0438\u0439"}}, {"model": "polls.choice", "pk": 66, "fields": {"choice_list": 11, "name": "\u041d\u0430 \u0443\u0440\u043e\u0432\u043d\u0435 \u043e\u0436\u0438\u0434\u0430\u043d\u0438\u0439"}}, {"model": "polls.choice", "pk": 67, "fields": {"choice_list": 11, "name": "\u041d\u0438\u0436\u0435 \u043e\u0436\u0438\u0434\u0430\u043d\u0438\u0439"}}, {"model": "polls.choice", "pk": 68, "fields": {"choice_list": 11, "name": "\u041d\u0435\u0442 \u043e\u0442\u0434\u0430\u0447\u0438"}}, {"model": "polls.choice", "pk": 69, "fields": {"choice_list": 11, "name": "\u0417\u0430\u0442\u0440\u0443\u0434\u043d\u044f\u044e\u0441\u044c \u043e\u0442\u0432\u0435\u0442\u0438\u0442\u044c"}}, {"model": "polls.choice", "pk": 70, "fields": {"choice_list": 11, "name": "\u041d\u0435\u0442 \u043e\u0442\u0432\u0435\u0442\u0430"}}, {"model": "polls.choice", "pk": 71, "fields": {"choice_list": 12, "name": "\u041c\u0435\u043d\u0435\u0435 1 \u0433\u043e\u0434\u0430"}}, {"model": "polls.choice", "pk": 72, "fields": {"choice_list": 12, "name": "1-2 \u0433\u043e\u0434\u0430"}}, {"model": "polls.choice", "pk": 73, "fields": {"choice_list": 12, "name": "3-4 \u0433\u043e\u0434\u0430"}}, {"model": "polls.choice", "pk": 74, "fields": {"choice_list": 12, "name": "5-7 \u043b\u0435\u0442"}}, {"model": "polls.choice", "pk": 75, "fields": {"choice_list": 12, "name": "8-10 \u043b\u0435\u0442"}}, {"model": "polls.choice", "pk": 76, "fields": {"choice_list": 12, "name": "\u0411\u043e\u043b\u0435\u0435 10 \u043b\u0435\u0442"}}, {"model": "polls.choice", "pk": 77, "fields": {"choice_list": 12, "name": "\u0412\u0441\u044e \u0436\u0438\u0437\u043d\u044c"}}, {"model": "polls.choice", "pk": 78, "fields": {"choice_list": 12, "name": "\u0417\u0430\u0442\u0440\u0443\u0434\u043d\u044f\u044e\u0441\u044c \u043e\u0442\u0432\u0435\u0442\u0438\u0442\u044c"}}, {"model": "polls.choice", "pk": 79, "fields": {"choice_list": 12, "name": "\u041d\u0435\u0442 \u043e\u0442\u0432\u0435\u0442\u0430"}}, {"model": "polls.choice", "pk": 80, "fields": {"choice_list": 13, "name": "\u041f\u0440\u043e\u0444\u043e\u0440\u0438\u0435\u043d\u0442\u0430\u0446\u0438\u044f"}}, {"model": "polls.choice", "pk": 81, "fields": {"choice_list": 13, "name": "\u041e\u0437\u043d\u0430\u043a\u043e\u043c\u043b\u0435\u043d\u0438\u0435 \u0441 \u0445\u043e\u043b\u0434\u0438\u043d\u0433\u043e\u043c \u0438 \u043f\u0440\u043e\u0434\u0432\u0438\u0436\u0435\u043d\u0438\u0435 \u0431\u0440\u0435\u043d\u0434\u0430 \u0445\u043e\u043b\u0434\u0438\u043d\u0433\u0430 \u0432 \u043a\u0430\u0447\u0435\u0441\u0442\u0432\u0435 \u043f\u0440\u0438\u0432\u043b\u0435\u043a\u0430\u0442\u0435\u043b\u044c\u043d\u043e\u0433\u043e \u0440\u0430\u0431\u043e\u0442\u043e\u0434\u0430\u0442\u0435\u043b\u044f \u0434\u043b\u044f \u043c\u043e\u043b\u043e\u0434\u0435\u0436\u0438"}}, {"model": "polls.choice", "pk": 82, "fields": {"choice_list": 13, "name": "\u0420\u0430\u0437\u0432\u0438\u0442\u0438\u0435 \u0434\u0432\u0438\u0436\u0435\u043d\u0438\u044f \u0441\u0442\u0443\u0434\u0435\u043d\u0447\u0435\u0441\u043a\u0438\u0445 \u043e\u0442\u0440\u044f\u0434\u043e\u0432"}}, {"model": "polls.choice", "pk": 83, "fields": {"choice_list": 13, "name": "\u0421\u043e\u0432\u0435\u0440\u0448\u0435\u043d\u0441\u0442\u0432\u043e\u0432\u0430\u043d\u0438\u0435 \u043c\u0435\u0445\u0430\u043d\u0438\u0437\u043c\u043e\u0432 \u043f\u0440\u043e\u0444\u0435\u0441\u0441\u0438\u043e\u043d\u0430\u043b\u044c\u043d\u043e\u0439 \u0430\u0434\u0430\u043f\u0442\u0430\u0446\u0438\u0438 \u043c\u043e\u043b\u043e\u0434\u044b\u0445 \u0440\u0430\u0431\u043e\u0442\u043d\u0438\u043a\u043e\u0432 \u0432 \u0445\u043e\u043b\u0434\u0438\u043d\u0433\u0435, \u0432 \u0442\u043e\u043c \u0447\u0438\u0441\u043b\u0435 \u043d\u0430\u0441\u0442\u0430\u0432\u043d\u0438\u0447\u0435\u0441\u0442\u0432\u0430"}}, {"model": "polls.choice", "pk": 84, "fields": {"choice_list": 13, "name": "\u0420\u0430\u0437\u0432\u0438\u0442\u0438\u0435 \u043f\u0440\u043e\u0433\u0440\u0430\u043c\u043c \u0441\u043e\u0446\u0438\u0430\u043b\u044c\u043d\u043e\u0439 \u0430\u0434\u0430\u043f\u0442\u0430\u0446\u0438\u0438 \u043c\u043e\u043b\u043e\u0434\u0435\u0436\u0438 \u0432 \u0445\u043e\u043b\u0434\u0438\u043d\u0433\u0435"}}, {"model": "polls.choice", "pk": 85, "fields": {"choice_list": 13, "name": "\u0416\u0438\u043b\u044c\u0435 \u0434\u043b\u044f \u043c\u043e\u043b\u043e\u0434\u0435\u0436\u0438"}}, {"model": "polls.choice", "pk": 86, "fields": {"choice_list": 13, "name": "\u0420\u0430\u0437\u0432\u0438\u0442\u0438\u0435 \u043d\u0430\u0443\u0447\u043d\u043e-\u0442\u0435\u0445\u043d\u0438\u0447\u0435\u0441\u043a\u043e\u0433\u043e \u0442\u0432\u043e\u0440\u0447\u0435\u0441\u0442\u0432 \u0438 \u0438\u043d\u043d\u043e\u0432\u0430\u0446\u0438\u043e\u043d\u043d\u043e\u0439 \u0434\u0435\u044f\u0442\u0435\u043b\u044c\u043d\u043e\u0441\u0442\u0438 \u043c\u043e\u043b\u043e\u0434\u0435\u0436\u0438"}}, {"model": "polls.choice", "pk": 87, "fields": {"choice_list": 13, "name": "\u0420\u0430\u0437\u0432\u0438\u0442\u0438\u0435 \u0438 \u0441\u043e\u0432\u0435\u0440\u0448\u0435\u043d\u0441\u0442\u0432\u043e\u0432\u0430\u043d\u0438\u0435 \u043c\u043e\u043b\u043e\u0434\u0435\u0436\u043d\u044b\u0445 \u043a\u043e\u043c\u043c\u0443\u043d\u0438\u043a\u0430\u0446\u0438\u043e\u043d\u043d\u044b\u0445 \u043f\u043b\u043e\u0449\u0430\u0434\u043e\u043a"}}, {"model": "polls.choice", "pk": 88, "fields": {"choice_list": 13, "name": "\u0420\u0430\u0437\u0432\u0438\u0442\u0438\u0435 \u0441\u0438\u0441\u0442\u0435\u043c\u044b \u0434\u0438\u0441\u0442\u0430\u043d\u0446\u0438\u043e\u043d\u043d\u043e\u0433\u043e \u0438\u043d\u0444\u043e\u0440\u043c\u0438\u0440\u043e\u0432\u0430\u043d\u0438\u044f, \u0432\u0437\u0430\u0438\u043c\u043e\u0434\u0435\u0439\u0441\u0442\u0432\u0438\u044f \u0438 \u043e\u0431\u0440\u0430\u0442\u043d\u043e\u0439 \u0441\u0432\u044f\u0437\u0438 \u043c\u043e\u043b\u043e\u0434\u0435\u0436\u0438"}}, {"model": "polls.choice", "pk": 89, "fields": {"choice_list": 13, "name": "\u041c\u0435\u0436\u0434\u0443\u043d\u0430\u0440\u043e\u0434\u043d\u043e\u0435 \u043c\u043e\u043b\u043e\u0434\u0435\u0436\u043d\u043e\u0435 \u0441\u043e\u0442\u0440\u0443\u0434\u043d\u0438\u0447\u0435\u0441\u0442\u0432\u043e"}}, {"model": "polls.choice", "pk": 90, "fields": {"choice_list": 13, "name": "\u0421\u043e\u0432\u0435\u0440\u0448\u0435\u043d\u0441\u0442\u0432\u043e\u0432\u0430\u043d\u0438\u0435 \u0441\u0438\u0441\u0442\u0435\u043c\u044b \u0432\u0437\u0430\u0438\u043c\u043e\u0434\u0435\u0439\u0441\u0442\u0432\u0438\u044f \u0441 \u043f\u0440\u043e\u0444\u0438\u043b\u044c\u043d\u044b\u043c\u0438 \u0432\u044b\u0441\u0448\u0438\u043c\u0438 \u0438 \u0441\u0440\u0435\u0434\u043d\u0438\u043c\u0438 \u0441\u043f\u0435\u0446\u0438\u0430\u043b\u044c\u043d\u044b\u043c\u0438 \u0443\u0447\u0435\u0431\u043d\u044b\u043c\u0438 \u0437\u0430\u0432\u0435\u0434\u0435\u043d\u0438\u044f\u043c\u0438"}}, {"model": "polls.choice", "pk": 91, "fields": {"choice_list": 13, "name": "\u0420\u0430\u0437\u0432\u0438\u0442\u0438\u0435 \u043c\u0435\u0445\u0430\u043d\u0438\u0437\u043c\u043e\u0432 \u043f\u043e\u0432\u044b\u0448\u0435\u043d\u0438\u044f \u043f\u0440\u043e\u0444\u0435\u0441\u0441\u0438\u043e\u043d\u0430\u043b\u0438\u0437\u043c\u0430 \u043c\u043e\u043b\u043e\u0434\u044b\u0445 \u0440\u0430\u0431\u043e\u0442\u043d\u0438\u043a\u043e\u0432"}}, {"model": "polls.choice", "pk": 92, "fields": {"choice_list": 13, "name": "\u0420\u0430\u0437\u0432\u0438\u0442\u0438\u0435 \u043a\u043e\u0440\u043f\u043e\u0440\u0430\u0442\u0438\u0432\u043d\u044b\u0445 \u043a\u043e\u043c\u043f\u0435\u0442\u0435\u043d\u0446\u0438\u0439 \u0443 \u043c\u043e\u043b\u043e\u0434\u044b\u0445 \u0440\u0430\u0431\u043e\u0442\u043d\u0438\u043a\u043e\u0432 \u0445\u043e\u043b\u0434\u0438\u043d\u0433\u0430"}}, {"model": "polls.choice", "pk": 93, "fields": {"choice_list": 13, "name": "\u0424\u043e\u0440\u043c\u0438\u0440\u043e\u0432\u0430\u043d\u0438\u0435 \u0438 \u0440\u0430\u0437\u0432\u0438\u0442\u0438\u0435 \u043c\u043e\u043b\u043e\u0434\u0435\u0436\u043d\u043e\u0433\u043e \u043a\u0430\u0434\u0440\u043e\u0432\u043e\u0433\u043e \u0440\u0435\u0437\u0435\u0440\u0432\u0430"}}, {"model": "polls.choice", "pk": 94, "fields": {"choice_list": 13, "name": "\u0412\u043d\u0435\u0434\u0440\u0435\u043d\u0438\u0435 \u0446\u0435\u043d\u043d\u043e\u0441\u0442\u043d\u043e-\u043e\u0440\u0438\u0435\u043d\u0442\u0438\u0440\u043e\u0432\u0430\u043d\u043d\u043e\u0433\u043e \u043f\u043e\u0434\u0445\u043e\u0434\u0430 \u043a \u0434\u0443\u0445\u043e\u0432\u043d\u043e-\u043d\u0440\u0430\u0432\u0441\u0442\u0432\u0435\u043d\u043d\u043e\u043c\u0443 \u0438 \u043f\u0430\u0442\u0440\u0438\u043e\u0442\u0438\u0447\u0435\u0441\u043a\u043e\u043c\u0443 \u0432\u043e\u0441\u043f\u0438\u0442\u0430\u043d\u0438\u044e \u043c\u043e\u043b\u043e\u0434\u0435\u0436\u0438"}}, {"model": "polls.choice", "pk": 95, "fields": {"choice_list": 13, "name": "\u0421\u043e\u0432\u0435\u0440\u0448\u0435\u043d\u0441\u0442\u0432\u043e\u0432\u0430\u043d\u0438\u0435 \u043c\u0435\u0442\u043e\u0434\u0438\u0447\u0435\u0441\u043a\u043e\u0439 \u0440\u0430\u0431\u043e\u0442\u044b \u0432 \u0434\u0435\u0442\u0441\u043a\u0438\u0445 \u043e\u0437\u0434\u043e\u0440\u043e\u0432\u0438\u0442\u0435\u043b\u044c\u043d\u044b\u0445 \u043b\u0430\u0433\u0435\u0440\u044f\u0445"}}, {"model": "polls.choice", "pk": 96, "fields": {"choice_list": 13, "name": "\u041c\u0430\u0441\u0441\u043e\u0432\u043e\u0439 \u0441\u043f\u043e\u0440\u0442 \u0438 \u0437\u0434\u043e\u0440\u043e\u0432\u044b\u0439 \u043e\u0431\u0440\u0430\u0437 \u0436\u0438\u0437\u043d\u0438 \u043c\u043e\u043b\u043e\u0434\u0435\u0436\u0438"}}, {"model": "polls.choice", "pk": 97, "fields": {"choice_list": 13, "name": "\u041d\u0438 \u0432 \u043e\u0434\u043d\u043e\u043c \u0438\u0437 \u043f\u0440\u043e\u0435\u043a\u0442\u043e\u0432"}}, {"model": "polls.question", "pk": 1, "fields": {"name": "\u041d\u0430\u0441\u043a\u043e\u043b\u044c\u043a\u043e  \u0412\u044b \u0443\u0434\u043e\u0432\u043b\u0435\u0442\u0432\u043e\u0440\u0435\u043d\u044b \u0440\u0430\u0431\u043e\u0442\u043e\u0439 \u0432 \u041e\u0410\u041e \"\u0420\u0416\u0414\" \u0432 \u0446\u0435\u043b\u043e\u043c? (\u0448\u043a\u0430\u043b\u0430 0%-100%)", "text": "\u041d\u0430\u0441\u043a\u043e\u043b\u044c\u043a\u043e  \u0412\u044b \u0443\u0434\u043e\u0432\u043b\u0435\u0442\u0432\u043e\u0440\u0435\u043d\u044b \u0440\u0430\u0431\u043e\u0442\u043e\u0439 \u0432 \u041e\u0410\u041e \"\u0420\u0416\u0414\" \u0432 \u0446\u0435\u043b\u043e\u043c? (\u0448\u043a\u0430\u043b\u0430 0%-100%)", "data_type": "NUMBER_RANGE", "choice_list": null, "range_min": 0, "range_max": 100, "range_step": 10}}, {"model": "polls.question", "pk": 2, "fields": {"name": "\u041e\u0431\u0449\u0435\u0441\u0435\u0442\u0435\u0432\u044b\u0435 \u043c\u043e\u043b\u043e\u0434\u0435\u0436\u043d\u044b\u0435 \u043f\u0440\u043e\u0435\u043a\u0442\u044b \u0420\u0416\u0414 2011 \u2013 2015. \u0417\u043d\u0430\u0435\u0442\u0435 \u043b\u0438", "text": "\u0412 2012 \u0433\u043e\u0434\u0443 \u0432 \u041e\u0410\u041e \u00ab\u0420\u0416\u0414\u00bb \u043f\u0440\u043e\u0432\u043e\u0434\u0438\u043b\u0438\u0441\u044c  \u043e\u0431\u0449\u0435\u0441\u0435\u0442\u0435\u0432\u044b\u0435 \u043c\u043e\u043b\u043e\u0434\u0435\u0436\u043d\u044b\u0435 \u043f\u0440\u043e\u0435\u043a\u0442\u044b \u0445\u043e\u043b\u0434\u0438\u043d\u0433\u0430 \u00ab\u0420\u043e\u0441\u0441\u0438\u0439\u0441\u043a\u0438\u0435 \u0436\u0435\u043b\u0435\u0437\u043d\u044b\u0435 \u0434\u043e\u0440\u043e\u0433\u0438\u00bb (2011 \u2013 2015 \u0433\u0433.)\u00bb - \u0417\u043d\u0430\u0435\u0442\u0435 \u043b\u0438 \u0432\u044b \u043e\u0431 \u044d\u0442\u043e\u043c?", "data_type": "SSMC", "choice_list": 1, "range_min": null, "range_max": null, "range_step": null}}, {"model": "polls.question", "pk": 3, "fields": {"name": "\u041e\u0431\u0449\u0435\u0441\u0442\u0432\u0435\u043d\u043d\u044b\u0435 \u043c\u043e\u043b\u043e\u0434\u0435\u0436\u043d\u044b\u0435 \u043e\u0431\u044a\u0435\u0434\u0438\u043d\u0435\u043d\u0438\u044f. \u0417\u043d\u0430\u0435\u0442\u0435 \u043b\u0438 \u0432\u044b \u043e\u0431 \u044d\u0442\u043e\u043c?", "text": "\u041d\u0430 \u0431\u043e\u043b\u044c\u0448\u0438\u043d\u0441\u0442\u0432\u0435 \u0434\u043e\u0440\u043e\u0433/\u0444\u0438\u043b\u0438\u0430\u043b\u043e\u0432 \u0434\u0435\u0439\u0441\u0442\u0432\u0443\u044e\u0442 \u043e\u0431\u0449\u0435\u0441\u0442\u0432\u0435\u043d\u043d\u044b\u0435 \u043c\u043e\u043b\u043e\u0434\u0435\u0436\u043d\u044b\u0435 \u043e\u0431\u044a\u0435\u0434\u0438\u043d\u0435\u043d\u0438\u044f:  \u0441\u043e\u0432\u0435\u0442\u044b \u0438 \u043a\u043e\u043c\u0438\u0442\u0435\u0442\u044b \u043c\u043e\u043b\u043e\u0434\u0435\u0436\u0438, \u0441\u043e\u0432\u0435\u0442\u044b \u043c\u043e\u043b\u043e\u0434\u044b\u0445 \u0441\u043f\u0435\u0446\u0438\u0430\u043b\u0438\u0441\u0442\u043e\u0432 \u0438 \u0434\u0440\u0443\u0433\u0438\u0435 \u043e\u0440\u0433\u0430\u043d\u044b \u0441\u0430\u043c\u043e\u043e\u0440\u0433\u0430\u043d\u0438\u0437\u0430\u0446\u0438\u0438 \u043c\u043e\u043b\u043e\u0434\u0435\u0436\u0438. \u0417\u043d\u0430\u0435\u0442\u0435 \u043b\u0438 \u0432\u044b \u043e\u0431 \u044d\u0442\u043e\u043c?", "data_type": "SSMC", "choice_list": 1, "range_min": null, "range_max": null, "range_step": null}}, {"model": "polls.question", "pk": 4, "fields": {"name": "\u041e\u0431\u0449\u0435\u0441\u0442\u0432\u0435\u043d\u043d\u044b\u0435 \u043c\u043e\u043b\u043e\u0434\u0435\u0436\u043d\u044b\u0435 \u043e\u0431\u044a\u0435\u0434\u0438\u043d\u0435\u043d\u0438\u044f. \u042f\u0432\u043b\u044f\u0435\u0442\u0435\u0441\u044c \u0447\u043b\u0435\u043d\u043e\u043c \u0442\u0430\u043a\u043e\u0433\u043e \u0421\u043e\u0432\u0435\u0442\u0430?", "text": "\u041d\u0430 \u0431\u043e\u043b\u044c\u0448\u0438\u043d\u0441\u0442\u0432\u0435 \u0434\u043e\u0440\u043e\u0433/\u0444\u0438\u043b\u0438\u0430\u043b\u043e\u0432 \u0434\u0435\u0439\u0441\u0442\u0432\u0443\u044e\u0442 \u043e\u0431\u0449\u0435\u0441\u0442\u0432\u0435\u043d\u043d\u044b\u0435 \u043c\u043e\u043b\u043e\u0434\u0435\u0436\u043d\u044b\u0435 \u043e\u0431\u044a\u0435\u0434\u0438\u043d\u0435\u043d\u0438\u044f:  \u0441\u043e\u0432\u0435\u0442\u044b \u0438 \u043a\u043e\u043c\u0438\u0442\u0435\u0442\u044b \u043c\u043e\u043b\u043e\u0434\u0435\u0436\u0438, \u0441\u043e\u0432\u0435\u0442\u044b \u043c\u043e\u043b\u043e\u0434\u044b\u0445 \u0441\u043f\u0435\u0446\u0438\u0430\u043b\u0438\u0441\u0442\u043e\u0432 \u0438 \u0434\u0440\u0443\u0433\u0438\u0435 \u043e\u0440\u0433\u0430\u043d\u044b \u0441\u0430\u043c\u043e\u043e\u0440\u0433\u0430\u043d\u0438\u0437\u0430\u0446\u0438\u0438 \u043c\u043e\u043b\u043e\u0434\u0435\u0436\u0438. \u042f\u0432\u043b\u044f\u0435\u0442\u0435\u0441\u044c \u0447\u043b\u0435\u043d\u043e\u043c \u0442\u0430\u043a\u043e\u0433\u043e \u0421\u043e\u0432\u0435\u0442\u0430?", "data_type": "SSMC", "choice_list": 1, "range_min": null, "range_max": null, "range_step": null}}, {"model": "polls.question", "pk": 5, "fields": {"name": "\u041e\u0431\u0449\u0435\u0441\u0442\u0432\u0435\u043d\u043d\u044b\u0435 \u043c\u043e\u043b\u043e\u0434\u0435\u0436\u043d\u044b\u0435 \u043e\u0431\u044a\u0435\u0434\u0438\u043d\u0435\u043d\u0438\u044f. \u0425\u043e\u0442\u0435\u043b\u0438 \u0431\u044b \u0441\u0442\u0430\u0442\u044c \u0447\u043b\u0435\u043d\u043e\u043c \u0421\u043e\u0432\u0435\u0442\u0430 \u0432 \u0431\u0443\u0434\u0443\u0449\u0435\u043c?", "text": "\u041d\u0430 \u0431\u043e\u043b\u044c\u0448\u0438\u043d\u0441\u0442\u0432\u0435 \u0434\u043e\u0440\u043e\u0433/\u0444\u0438\u043b\u0438\u0430\u043b\u043e\u0432 \u0434\u0435\u0439\u0441\u0442\u0432\u0443\u044e\u0442 \u043e\u0431\u0449\u0435\u0441\u0442\u0432\u0435\u043d\u043d\u044b\u0435 \u043c\u043e\u043b\u043e\u0434\u0435\u0436\u043d\u044b\u0435 \u043e\u0431\u044a\u0435\u0434\u0438\u043d\u0435\u043d\u0438\u044f:  \u0441\u043e\u0432\u0435\u0442\u044b \u0438 \u043a\u043e\u043c\u0438\u0442\u0435\u0442\u044b \u043c\u043e\u043b\u043e\u0434\u0435\u0436\u0438, \u0441\u043e\u0432\u0435\u0442\u044b \u043c\u043e\u043b\u043e\u0434\u044b\u0445 \u0441\u043f\u0435\u0446\u0438\u0430\u043b\u0438\u0441\u0442\u043e\u0432 \u0438 \u0434\u0440\u0443\u0433\u0438\u0435 \u043e\u0440\u0433\u0430\u043d\u044b \u0441\u0430\u043c\u043e\u043e\u0440\u0433\u0430\u043d\u0438\u0437\u0430\u0446\u0438\u0438 \u043c\u043e\u043b\u043e\u0434\u0435\u0436\u0438. \u0425\u043e\u0442\u0435\u043b\u0438 \u0431\u044b \u0441\u0442\u0430\u0442\u044c \u0447\u043b\u0435\u043d\u043e\u043c \u0421\u043e\u0432\u0435\u0442\u0430 \u0432 \u0431\u0443\u0434\u0443\u0449\u0435\u043c?", "data_type": "SSMC", "choice_list": 1, "range_min": null, "range_max": null, "range_step": null}}, {"model": "polls.question", "pk": 6, "fields": {"name": "\u0415\u0441\u0442\u044c \u043b\u0438 (\u0438\u043b\u0438 \u0431\u044b\u043b) \u0443 \u0412\u0430\u0441 \u043d\u0430\u0441\u0442\u0430\u0432\u043d\u0438\u043a \u0432 \u043a\u043e\u043c\u043f\u0430\u043d\u0438\u0438?", "text": "\u0415\u0441\u0442\u044c \u043b\u0438 (\u0438\u043b\u0438 \u0431\u044b\u043b) \u0443 \u0412\u0430\u0441 \u043d\u0430\u0441\u0442\u0430\u0432\u043d\u0438\u043a \u0432 \u043a\u043e\u043c\u043f\u0430\u043d\u0438\u0438?", "data_type": "SSMC", "choice_list": 1, "range_min": null, "range_max": null, "range_step": null}}, {"model": "polls.question", "pk": 7, "fields": {"name": "\u041a\u0430\u043a \u0434\u043e\u043b\u0433\u043e \u0412\u044b \u0431\u044b \u0445\u043e\u0442\u0435\u043b\u0438 \u043f\u0440\u043e\u0440\u0430\u0431\u043e\u0442\u0430\u0442\u044c \u0432 \u041e\u0410\u041e \"\u0420\u0416\u0414\"?", "text": "\u041a\u0430\u043a \u0434\u043e\u043b\u0433\u043e \u0412\u044b \u0431\u044b \u0445\u043e\u0442\u0435\u043b\u0438 \u043f\u0440\u043e\u0440\u0430\u0431\u043e\u0442\u0430\u0442\u044c \u0432 \u041e\u0410\u041e \"\u0420\u0416\u0414\"?", "data_type": "SSMC", "choice_list": 12, "range_min": null, "range_max": null, "range_step": null}}, {"model": "polls.question", "pk": 8, "fields": {"name": "\u041e\u0446\u0435\u043d\u0438\u0442\u0435 \u0440\u0435\u0437\u0443\u043b\u044c\u0442\u0430\u0442\u044b \u043e\u0442 \u0441\u043b\u0435\u0442\u043e\u0432 \u043c\u043e\u043b\u043e\u0434\u0435\u0436\u0438. \u0423\u0441\u0442\u0430\u043d\u043e\u0432\u043b\u0435\u043d\u0438\u0435 \u043f\u0440\u043e\u0444\u0435\u0441\u0441\u0438\u043e\u043d\u0430\u043b\u044c\u043d\u044b\u0445 \u043a\u043e\u043d\u0442\u0430\u043a\u0442\u043e\u0432, \u043e\u0431\u043c\u0435\u043d \u043e\u043f\u044b\u0442\u043e\u043c \u0441 \u043a\u043e\u043b\u043b\u0435\u0433\u0430\u043c\u0438", "text": "\u041e\u0446\u0435\u043d\u0438\u0442\u0435 \u0440\u0435\u0437\u0443\u043b\u044c\u0442\u0430\u0442\u044b \u043e\u0442 \u0441\u043b\u0435\u0442\u043e\u0432 \u043c\u043e\u043b\u043e\u0434\u0435\u0436\u0438, \u043f\u0440\u043e\u0432\u043e\u0434\u0438\u043c\u044b\u0445 \u0432 \u043a\u043e\u043c\u043f\u0430\u043d\u0438\u0438 - \u043a\u0430\u043a \u043e\u0431\u0449\u0435\u0441\u0435\u0442\u0435\u0432\u044b\u0445, \u0442\u0430\u043a \u0438 \u043f\u0440\u043e\u0432\u043e\u0434\u0438\u043c\u044b\u0445 \u043d\u0430 \u0443\u0440\u043e\u0432\u043d\u0435 \u0444\u0438\u043b\u0438\u0430\u043b\u0430 / \u0434\u043e\u0440\u043e\u0433\u0438, -  \u043f\u043e \u0441\u043b\u0435\u0434\u0443\u044e\u0449\u0438\u043c \u043a\u0440\u0438\u0442\u0435\u0440\u0438\u044f\u043c. \u0423\u0441\u0442\u0430\u043d\u043e\u0432\u043b\u0435\u043d\u0438\u0435 \u043f\u0440\u043e\u0444\u0435\u0441\u0441\u0438\u043e\u043d\u0430\u043b\u044c\u043d\u044b\u0445 \u043a\u043e\u043d\u0442\u0430\u043a\u0442\u043e\u0432, \u043e\u0431\u043c\u0435\u043d \u043e\u043f\u044b\u0442\u043e\u043c \u0441 \u043a\u043e\u043b\u043b\u0435\u0433\u0430\u043c\u0438.", "data_type": "SSMC", "choice_list": 11, "range_min": null, "range_max": null, "range_step": null}}, {"model": "polls.question", "pk": 9, "fields": {"name": "\u041e\u0446\u0435\u043d\u0438\u0442\u0435 \u0440\u0435\u0437\u0443\u043b\u044c\u0442\u0430\u0442\u044b \u043e\u0442 \u0441\u043b\u0435\u0442\u043e\u0432 \u043c\u043e\u043b\u043e\u0434\u0435\u0436\u0438. \u0412\u043e\u0437\u043c\u043e\u0436\u043d\u043e\u0441\u0442\u044c \u043f\u043e\u043e\u0431\u0449\u0430\u0442\u044c\u0441\u044f \u0441 \u0440\u0443\u043a\u043e\u0432\u043e\u0434\u0441\u0442\u0432\u043e\u043c \u043a\u043e\u043c\u043f\u0430\u043d\u0438\u0438", "text": "\u041e\u0446\u0435\u043d\u0438\u0442\u0435 \u0440\u0435\u0437\u0443\u043b\u044c\u0442\u0430\u0442\u044b \u043e\u0442 \u0441\u043b\u0435\u0442\u043e\u0432 \u043c\u043e\u043b\u043e\u0434\u0435\u0436\u0438, \u043f\u0440\u043e\u0432\u043e\u0434\u0438\u043c\u044b\u0445 \u0432 \u043a\u043e\u043c\u043f\u0430\u043d\u0438\u0438 - \u043a\u0430\u043a \u043e\u0431\u0449\u0435\u0441\u0435\u0442\u0435\u0432\u044b\u0445, \u0442\u0430\u043a \u0438 \u043f\u0440\u043e\u0432\u043e\u0434\u0438\u043c\u044b\u0445 \u043d\u0430 \u0443\u0440\u043e\u0432\u043d\u0435 \u0444\u0438\u043b\u0438\u0430\u043b\u0430 / \u0434\u043e\u0440\u043e\u0433\u0438, -  \u043f\u043e \u0441\u043b\u0435\u0434\u0443\u044e\u0449\u0438\u043c \u043a\u0440\u0438\u0442\u0435\u0440\u0438\u044f\u043c. \u0412\u043e\u0437\u043c\u043e\u0436\u043d\u043e\u0441\u0442\u044c \u043f\u043e\u043e\u0431\u0449\u0430\u0442\u044c\u0441\u044f \u0441 \u0440\u0443\u043a\u043e\u0432\u043e\u0434\u0441\u0442\u0432\u043e\u043c \u043a\u043e\u043c\u043f\u0430\u043d\u0438\u0438.", "data_type": "SSMC", "choice_list": 11, "range_min": null, "range_max": null, "range_step": null}}, {"model": "polls.question", "pk": 10, "fields": {"name": "\u041e\u0446\u0435\u043d\u0438\u0442\u0435 \u0440\u0435\u0437\u0443\u043b\u044c\u0442\u0430\u0442\u044b \u043e\u0442 \u0441\u043b\u0435\u0442\u043e\u0432 \u043c\u043e\u043b\u043e\u0434\u0435\u0436\u0438. \u041f\u043e\u043b\u0443\u0447\u0435\u043d\u0438\u0435 \u043d\u043e\u0432\u043e\u0439 \u0438\u043d\u0444\u043e\u0440\u043c\u0430\u0446\u0438\u0438", "text": "\u041e\u0446\u0435\u043d\u0438\u0442\u0435 \u0440\u0435\u0437\u0443\u043b\u044c\u0442\u0430\u0442\u044b \u043e\u0442 \u0441\u043b\u0435\u0442\u043e\u0432 \u043c\u043e\u043b\u043e\u0434\u0435\u0436\u0438, \u043f\u0440\u043e\u0432\u043e\u0434\u0438\u043c\u044b\u0445 \u0432 \u043a\u043e\u043c\u043f\u0430\u043d\u0438\u0438 - \u043a\u0430\u043a \u043e\u0431\u0449\u0435\u0441\u0435\u0442\u0435\u0432\u044b\u0445, \u0442\u0430\u043a \u0438 \u043f\u0440\u043e\u0432\u043e\u0434\u0438\u043c\u044b\u0445 \u043d\u0430 \u0443\u0440\u043e\u0432\u043d\u0435 \u0444\u0438\u043b\u0438\u0430\u043b\u0430 / \u0434\u043e\u0440\u043e\u0433\u0438, -  \u043f\u043e \u0441\u043b\u0435\u0434\u0443\u044e\u0449\u0438\u043c \u043a\u0440\u0438\u0442\u0435\u0440\u0438\u044f\u043c. \u041f\u043e\u043b\u0443\u0447\u0435\u043d\u0438\u0435 \u043d\u043e\u0432\u043e\u0439 \u0438\u043d\u0444\u043e\u0440\u043c\u0430\u0446\u0438\u0438.", "data_type": "SSMC", "choice_list": 11, "range_min": null, "range_max": null, "range_step": null}}, {"model": "polls.question", "pk": 11, "fields": {"name": "\u041e\u0446\u0435\u043d\u0438\u0442\u0435 \u0440\u0435\u0437\u0443\u043b\u044c\u0442\u0430\u0442\u044b \u043e\u0442 \u0441\u043b\u0435\u0442\u043e\u0432 \u043c\u043e\u043b\u043e\u0434\u0435\u0436\u0438. \u041f\u043e\u043b\u0443\u0447\u0435\u043d\u0438\u0435 \u043d\u043e\u0432\u044b\u0445 \u0437\u043d\u0430\u043d\u0438\u0439, \u043d\u0430\u0432\u044b\u043a\u043e\u0432, \u043a\u043e\u043c\u043f\u0435\u0442\u0435\u043d\u0446\u0438\u0439", "text": "\u041e\u0446\u0435\u043d\u0438\u0442\u0435 \u0440\u0435\u0437\u0443\u043b\u044c\u0442\u0430\u0442\u044b \u043e\u0442 \u0441\u043b\u0435\u0442\u043e\u0432 \u043c\u043e\u043b\u043e\u0434\u0435\u0436\u0438, \u043f\u0440\u043e\u0432\u043e\u0434\u0438\u043c\u044b\u0445 \u0432 \u043a\u043e\u043c\u043f\u0430\u043d\u0438\u0438 - \u043a\u0430\u043a \u043e\u0431\u0449\u0435\u0441\u0435\u0442\u0435\u0432\u044b\u0445, \u0442\u0430\u043a \u0438 \u043f\u0440\u043e\u0432\u043e\u0434\u0438\u043c\u044b\u0445 \u043d\u0430 \u0443\u0440\u043e\u0432\u043d\u0435 \u0444\u0438\u043b\u0438\u0430\u043b\u0430 / \u0434\u043e\u0440\u043e\u0433\u0438, -  \u043f\u043e \u0441\u043b\u0435\u0434\u0443\u044e\u0449\u0438\u043c \u043a\u0440\u0438\u0442\u0435\u0440\u0438\u044f\u043c. \u041f\u043e\u043b\u0443\u0447\u0435\u043d\u0438\u0435 \u043d\u043e\u0432\u044b\u0445 \u0437\u043d\u0430\u043d\u0438\u0439, \u043d\u0430\u0432\u044b\u043a\u043e\u0432, \u043a\u043e\u043c\u043f\u0435\u0442\u0435\u043d\u0446\u0438\u0439.", "data_type": "SSMC", "choice_list": 11, "range_min": null, "range_max": null, "range_step": null}}, {"model": "polls.question", "pk": 12, "fields": {"name": "\u041a\u0430\u043a\u0438\u043c\u0438 \u0438\u043d\u043e\u0441\u0442\u0440\u0430\u043d\u043d\u044b\u043c\u0438 \u044f\u0437\u044b\u043a\u0430\u043c\u0438 \u0412\u044b \u0432\u043b\u0430\u0434\u0435\u0435\u0442\u0435? \u0410\u043d\u0433\u043b\u0438\u0439\u0441\u043a\u0438\u0439", "text": "\u041a\u0430\u043a\u0438\u043c\u0438 \u0438\u043d\u043e\u0441\u0442\u0440\u0430\u043d\u043d\u044b\u043c\u0438 \u044f\u0437\u044b\u043a\u0430\u043c\u0438 \u0412\u044b \u0432\u043b\u0430\u0434\u0435\u0435\u0442\u0435? \u041e\u0446\u0435\u043d\u0438\u0442\u0435 \u0441\u0442\u0435\u043f\u0435\u043d\u044c \u0441\u0432\u043e\u0435\u0433\u043e \u0432\u043b\u0430\u0434\u0435\u043d\u0438\u044f \u0438\u043d\u043e\u0441\u0442\u0440\u0430\u043d\u043d\u044b\u043c \u044f\u0437\u044b\u043a\u043e\u043c \u0410\u043d\u0433\u043b\u0438\u0439\u0441\u043a\u0438\u0439.", "data_type": "SSMC", "choice_list": 2, "range_min": null, "range_max": null, "range_step": null}}, {"model": "polls.question", "pk": 13, "fields": {"name": "\u041a\u0430\u043a\u0438\u043c\u0438 \u0438\u043d\u043e\u0441\u0442\u0440\u0430\u043d\u043d\u044b\u043c\u0438 \u044f\u0437\u044b\u043a\u0430\u043c\u0438 \u0412\u044b \u0432\u043b\u0430\u0434\u0435\u0435\u0442\u0435? \u041d\u0435\u043c\u0435\u0446\u043a\u0438\u0439", "text": "\u041a\u0430\u043a\u0438\u043c\u0438 \u0438\u043d\u043e\u0441\u0442\u0440\u0430\u043d\u043d\u044b\u043c\u0438 \u044f\u0437\u044b\u043a\u0430\u043c\u0438 \u0412\u044b \u0432\u043b\u0430\u0434\u0435\u0435\u0442\u0435? \u041e\u0446\u0435\u043d\u0438\u0442\u0435 \u0441\u0442\u0435\u043f\u0435\u043d\u044c \u0441\u0432\u043e\u0435\u0433\u043e \u0432\u043b\u0430\u0434\u0435\u043d\u0438\u044f \u0438\u043d\u043e\u0441\u0442\u0440\u0430\u043d\u043d\u044b\u043c \u044f\u0437\u044b\u043a\u043e\u043c \u041d\u0435\u043c\u0435\u0446\u043a\u0438\u0439.", "data_type": "SSMC", "choice_list": 2, "range_min": null, "range_max": null, "range_step": null}}, {"model": "polls.question", "pk": 14, "fields": {"name": "\u041a\u0430\u043a\u0438\u043c\u0438 \u0438\u043d\u043e\u0441\u0442\u0440\u0430\u043d\u043d\u044b\u043c\u0438 \u044f\u0437\u044b\u043a\u0430\u043c\u0438 \u0412\u044b \u0432\u043b\u0430\u0434\u0435\u0435\u0442\u0435? \u0424\u0440\u0430\u043d\u0446\u0443\u0437\u0441\u043a\u0438\u0439", "text": "\u041a\u0430\u043a\u0438\u043c\u0438 \u0438\u043d\u043e\u0441\u0442\u0440\u0430\u043d\u043d\u044b\u043c\u0438 \u044f\u0437\u044b\u043a\u0430\u043c\u0438 \u0412\u044b \u0432\u043b\u0430\u0434\u0435\u0435\u0442\u0435? \u041e\u0446\u0435\u043d\u0438\u0442\u0435 \u0441\u0442\u0435\u043f\u0435\u043d\u044c \u0441\u0432\u043e\u0435\u0433\u043e \u0432\u043b\u0430\u0434\u0435\u043d\u0438\u044f \u0438\u043d\u043e\u0441\u0442\u0440\u0430\u043d\u043d\u044b\u043c \u044f\u0437\u044b\u043a\u043e\u043c \u0424\u0440\u0430\u043d\u0446\u0443\u0437\u0441\u043a\u0438\u0439.", "data_type": "SSMC", "choice_list": 2, "range_min": null, "range_max": null, "range_step": null}}, {"model": "polls.question", "pk": 15, "fields": {"name": "\u041a \u043a\u0430\u043a\u043e\u0439 \u043a\u0430\u0442\u0435\u0433\u043e\u0440\u0438\u0438 \u0440\u0430\u0431\u043e\u0442\u043d\u0438\u043a\u043e\u0432 \u0412\u044b \u043e\u0442\u043d\u043e\u0441\u0438\u0442\u0435\u0441\u044c?", "text": "\u041a \u043a\u0430\u043a\u043e\u0439 \u043a\u0430\u0442\u0435\u0433\u043e\u0440\u0438\u0438 \u0440\u0430\u0431\u043e\u0442\u043d\u0438\u043a\u043e\u0432 \u0412\u044b \u043e\u0442\u043d\u043e\u0441\u0438\u0442\u0435\u0441\u044c?", "data_type": "SSMC", "choice_list": 9, "range_min": null, "range_max": null, "range_step": null}}, {"model": "polls.question", "pk": 16, "fields": {"name": "\u0412 \u043a\u0430\u043a\u0443\u044e \u0433\u0440\u0443\u043f\u043f\u0443 \u043f\u0440\u043e\u0444\u0435\u0441\u0441\u0438\u0439 \u0432\u0445\u043e\u0434\u0438\u0442 \u0412\u0430\u0448\u0430 \u0441\u043f\u0435\u0446\u0438\u0430\u043b\u0438\u0437\u0430\u0446\u0438\u044f?", "text": "\u0412 \u043a\u0430\u043a\u0443\u044e \u0433\u0440\u0443\u043f\u043f\u0443 \u043f\u0440\u043e\u0444\u0435\u0441\u0441\u0438\u0439 \u0432\u0445\u043e\u0434\u0438\u0442 \u0412\u0430\u0448\u0430 \u0441\u043f\u0435\u0446\u0438\u0430\u043b\u0438\u0437\u0430\u0446\u0438\u044f?", "data_type": "SSMC", "choice_list": 10, "range_min": null, "range_max": null, "range_step": null}}, {"model": "polls.question", "pk": 17, "fields": {"name": "\u041f\u043e\u043b", "text": "\u041f\u043e\u043b", "data_type": "SSMC", "choice_list": 8, "range_min": null, "range_max": null, "range_step": null}}, {"model": "polls.question", "pk": 18, "fields": {"name": "\u0421\u043a\u043e\u043b\u044c\u043a\u043e \u0412\u0430\u043c \u043f\u043e\u043b\u043d\u044b\u0445 \u043b\u0435\u0442?", "text": "\u0421\u043a\u043e\u043b\u044c\u043a\u043e \u0412\u0430\u043c \u043f\u043e\u043b\u043d\u044b\u0445 \u043b\u0435\u0442?", "data_type": "SSMC", "choice_list": 7, "range_min": null, "range_max": null, "range_step": null}}, {"model": "polls.question", "pk": 19, "fields": {"name": "\u041a\u0430\u043a\u043e\u0439 \u0443 \u0412\u0430\u0441 \u0441\u0442\u0430\u0436 \u0440\u0430\u0431\u043e\u0442\u044b \u0432 \u043e\u0442\u0440\u0430\u0441\u043b\u0438?", "text": "\u041a\u0430\u043a\u043e\u0439 \u0443 \u0412\u0430\u0441 \u0441\u0442\u0430\u0436 \u0440\u0430\u0431\u043e\u0442\u044b \u0432 \u043e\u0442\u0440\u0430\u0441\u043b\u0438?", "data_type": "SSMC", "choice_list": 6, "range_min": null, "range_max": null, "range_step": null}}, {"model": "polls.question", "pk": 20, "fields": {"name": "\u0423\u0442\u043e\u0447\u043d\u0438\u0442\u0435 \u0412\u0430\u0448\u0435 \u043e\u0431\u0440\u0430\u0437\u043e\u0432\u0430\u043d\u0438\u0435", "text": "\u0423\u0442\u043e\u0447\u043d\u0438\u0442\u0435 \u0412\u0430\u0448\u0435 \u043e\u0431\u0440\u0430\u0437\u043e\u0432\u0430\u043d\u0438\u0435", "data_type": "SSMC", "choice_list": 3, "range_min": null, "range_max": null, "range_step": null}}, {"model": "polls.question", "pk": 21, "fields": {"name": "\u041a\u043e\u043b\u0438\u0447\u0435\u0441\u0442\u0432\u043e \u0434\u0435\u0442\u0435\u0439", "text": "\u041a\u043e\u043b\u0438\u0447\u0435\u0441\u0442\u0432\u043e \u0434\u0435\u0442\u0435\u0439", "data_type": "SSMC", "choice_list": 5, "range_min": null, "range_max": null, "range_step": null}}, {"model": "polls.question", "pk": 22, "fields": {"name": "\u0425\u043e\u0442\u0435\u043b\u0438 \u0431\u044b \u0412\u044b \u0443\u0447\u0430\u0441\u0442\u0432\u043e\u0432\u0430\u0442\u044c \u0432 \u043f\u0440\u043e\u0435\u043a\u0442\u0430\u0445, \u043f\u0440\u043e\u0432\u043e\u0434\u0438\u043c\u044b\u0445 \u041e\u0410\u041e \u00ab\u0420\u0416\u0414\u00bb", "text": "\u0425\u043e\u0442\u0435\u043b\u0438 \u0431\u044b \u0412\u044b \u0443\u0447\u0430\u0441\u0442\u0432\u043e\u0432\u0430\u0442\u044c \u0432 \u043f\u0440\u043e\u0435\u043a\u0442\u0430\u0445, \u043f\u0440\u043e\u0432\u043e\u0434\u0438\u043c\u044b\u0445 \u041e\u0410\u041e \u00ab\u0420\u0416\u0414\u00bb \u043f\u043e \u0441\u043b\u0435\u0434\u0443\u044e\u0449\u0438\u043c \u043d\u0430\u043f\u0440\u0430\u0432\u043b\u0435\u043d\u0438\u044f\u043c \u0434\u0435\u044f\u0442\u0435\u043b\u044c\u043d\u043e\u0441\u0442\u0438 \u043f\u0440\u043e\u0433\u0440\u0430\u043c\u043c\u044b \u00ab\u041c\u043e\u043b\u043e\u0434\u0435\u0436\u044c \u0445\u043e\u043b\u0434\u0438\u043d\u0433\u0430 \u00ab\u0420\u043e\u0441\u0441\u0438\u0439\u0441\u043a\u0438\u0435 \u0436\u0435\u043b\u0435\u0437\u043d\u044b\u0435 \u0434\u043e\u0440\u043e\u0433\u0438\u00bb?", "data_type": "MSMC", "choice_list": 13, "range_min": null, "range_max": null, "range_step": null}}, {"model": "polls.question", "pk": 23, "fields": {"name": "\u041e\u043e\u043e", "text": "\u041e\u043e\u043a\u043e", "data_type": "MSMC", "choice_list": null, "range_min": null, "range_max": null, "range_step": null}}, {"model": "polls.mapsurveyquestion", "pk": 1, "fields": {"survey": 1, "question": 17, "sort_order": null}}, {"model": "polls.mapsurveyquestion", "pk": 2, "fields": {"survey": 1, "question": 21, "sort_order": null}}, {"model": "polls.mapsurveyquestion", "pk": 3, "fields": {"survey": 1, "question": 18, "sort_order": null}}, {"model": "polls.mapsurveyquestion", "pk": 4, "fields": {"survey": 1, "question": 19, "sort_order": null}}, {"model": "polls.mapsurveyquestion", "pk": 5, "fields": {"survey": 1, "question": 16, "sort_order": null}}, {"model": "polls.mapsurveyquestion", "pk": 6, "fields": {"survey": 1, "question": 15, "sort_order": null}}, {"model": "polls.mapsurveyquestion", "pk": 7, "fields": {"survey": 1, "question": 12, "sort_order": null}}, {"model": "polls.mapsurveyquestion", "pk": 8, "fields": {"survey": 1, "question": 13, "sort_order": null}}, {"model": "polls.mapsurveyquestion", "pk": 9, "fields": {"survey": 1, "question": 14, "sort_order": null}}, {"model": "polls.mapsurveyquestion", "pk": 10, "fields": {"survey": 1, "question": 6, "sort_order": null}}, {"model": "polls.mapsurveyquestion", "pk": 11, "fields": {"survey": 1, "question": 7, "sort_order": null}}, {"model": "polls.mapsurveyquestion", "pk": 12, "fields": {"survey": 1, "question": 1, "sort_order": null}}, {"model": "polls.mapsurveyquestion", "pk": 13, "fields": {"survey": 1, "question": 3, "sort_order": null}}, {"model": "polls.mapsurveyquestion", "pk": 14, "fields": {"survey": 1, "question": 4, "sort_order": null}}, {"model": "polls.mapsurveyquestion", "pk": 15, "fields": {"survey": 1, "question": 5, "sort_order": null}}, {"model": "polls.mapsurveyquestion", "pk": 16, "fields": {"survey": 1, "question": 22, "sort_order": null}}, {"model": "polls.mapsurveyquestion", "pk": 17, "fields": {"survey": 2, "question": 22, "sort_order": null}}, {"model": "polls.mapsurveyquestion", "pk": 18, "fields": {"survey": 2, "question": 22, "sort_order": null}}, {"model": "polls.person", "pk": 1, "fields": {"email": "nikulina@gmail.com", "name_first": "\u042e\u043b\u0438\u044f", "name_second": "\u0410\u043b\u0435\u043a\u0441\u0430\u043d\u0434\u0440\u043e\u0432\u043d\u0430", "name_last": "\u041d\u0438\u043a\u0443\u043b\u0438\u043d\u0430", "birth_date": "1980-01-15", "sex": "F", "title": "\u0413\u043b\u0430\u0432\u043d\u044b\u0439 \u0441\u043f\u0435\u0446\u0438\u0430\u043b\u0438\u0441\u0442"}}, {"model": "polls.person", "pk": 2, "fields": {"email": "gordin@gmail.com", "name_first": "\u042d\u0434\u0443\u0430\u0440\u0434", "name_second": "\u0421\u0442\u0430\u043d\u0438\u0441\u043b\u0430\u0432\u043e\u0432\u0438\u0447", "name_last": "\u0413\u043e\u0440\u0434\u0438\u043d", "birth_date": "1979-09-22", "sex": "M", "title": "\u0413\u043b\u0430\u0432\u043d\u044b\u0439 \u0441\u043f\u0435\u0446\u0438\u0430\u043b\u0438\u0441\u0442"}}, {"model": "polls.person", "pk": 3, "fields": {"email": "sidorov@gmail.com", "name_first": "\u0418\u0432\u0430\u043d", "name_second": "\u041f\u0435\u0442\u0440\u043e\u0432\u0438\u0447", "name_last": "\u0421\u0438\u0434\u043e\u0440\u043e\u0432", "birth_date": "1980-06-07", "sex": "M", "title": "\u041d\u0430\u0447\u0430\u043b\u044c\u043d\u0438\u043a \u043e\u0442\u0434\u0435\u043b\u0430"}}, {"model": "polls.person", "pk": 4, "fields": {"email": "ivanov@gmail.com", "name_first": "\u0410\u043b\u0435\u043a\u0441\u0435\u0439", "name_second": "\u0410\u043d\u0430\u0442\u043e\u043b\u044c\u0435\u0432\u0438\u0447", "name_last": "\u0418\u0432\u0430\u043d\u043e\u0432", "birth_date": "1990-09-09", "sex": "M", "title": "\u0412\u0435\u0434\u0443\u0449\u0438\u0439 \u0441\u043f\u0435\u0446\u0438\u0430\u043b\u0438\u0441\u0442"}}, {"model": "polls.mapusersurvey", "pk": 1, "fields": {"person": 1, "survey": 1, "time_start": "2019-11-04T14:04:07.463Z", "time_end": "2019-11-04T14:06:11.067Z", "time_visit": "2019-11-04T14:04:02.930Z", "random_letters": "hetvh"}}, {"model": "polls.mapusersurvey", "pk": 2, "fields": {"person": 2, "survey": 1, "time_start": "2019-11-04T14:06:35.419Z", "time_end": "2019-11-04T14:08:11.387Z", "time_visit": "2019-11-04T14:06:33.691Z", "random_letters": "qhuvq"}}, {"model": "polls.mapusersurvey", "pk": 3, "fields": {"person": 3, "survey": 1, "time_start": null, "time_end": null, "time_visit": "2019-11-04T14:14:13.893Z", "random_letters": "qhxii"}}, {"model": "polls.mapusersurvey", "pk": 4, "fields": {"person": 4, "survey": 1, "time_start": null, "time_end": null, "time_visit": null, "random_letters": "emtja"}}, {"model": "polls.mapusersurvey", "pk": 5, "fields": {"person": 1, "survey": 1, "time_start": null, "time_end": null, "time_visit": null, "random_letters": "fqlvb"}}, {"model": "polls.answer", "pk": 1, "fields": {"survey_instance": 1, "question": 17, "data": "\u0416\u0435\u043d\u0441\u043a\u0438\u0439"}}, {"model": "polls.answer", "pk": 2, "fields": {"survey_instance": 1, "question": 21, "data": "1 \u0440\u0435\u0431\u0451\u043d\u043e\u043a"}}, {"model": "polls.answer", "pk": 3, "fields": {"survey_instance": 1, "question": 18, "data": "26 \u0438 \u0431\u043e\u043b\u0435\u0435 \u043b\u0435\u0442"}}, {"model": "polls.answer", "pk": 4, "fields": {"survey_instance": 1, "question": 19, "data": "\u041e\u0442 5 \u0434\u043e 10 \u043b\u0435\u0442"}}, {"model": "polls.answer", "pk": 5, "fields": {"survey_instance": 1, "question": 16, "data": "\u0414\u0440\u0443\u0433\u043e\u0435"}}, {"model": "polls.answer", "pk": 6, "fields": {"survey_instance": 1, "question": 15, "data": "\u0421\u043f\u0435\u0446\u0438\u0430\u043b\u0438\u0441\u0442\u044b, \u0418\u0422\u0420"}}, {"model": "polls.answer", "pk": 7, "fields": {"survey_instance": 1, "question": 12, "data": "\u0411\u0430\u0437\u043e\u0432\u044b\u0439 \u0443\u0440\u043e\u0432\u0435\u043d\u044c"}}, {"model": "polls.answer", "pk": 8, "fields": {"survey_instance": 1, "question": 13, "data": "\u041d\u0430\u0447\u0430\u043b\u044c\u043d\u044b\u0439 \u0443\u0440\u043e\u0432\u0435\u043d\u044c"}}, {"model": "polls.answer", "pk": 9, "fields": {"survey_instance": 1, "question": 14, "data": "\u041d\u0435 \u0432\u043b\u0430\u0434\u0435\u044e"}}, {"model": "polls.answer", "pk": 10, "fields": {"survey_instance": 1, "question": 6, "data": "\u041d\u0435\u0442"}}, {"model": "polls.answer", "pk": 11, "fields": {"survey_instance": 1, "question": 7, "data": "\u041c\u0435\u043d\u0435\u0435 1 \u0433\u043e\u0434\u0430"}}, {"model": "polls.answer", "pk": 12, "fields": {"survey_instance": 1, "question": 1, "data": "80"}}, {"model": "polls.answer", "pk": 13, "fields": {"survey_instance": 1, "question": 3, "data": "\u041d\u0435\u0442"}}, {"model": "polls.answer", "pk": 14, "fields": {"survey_instance": 1, "question": 4, "data": "\u041d\u0435\u0442"}}, {"model": "polls.answer", "pk": 15, "fields": {"survey_instance": 1, "question": 5, "data": "\u041d\u0435\u0442"}}, {"model": "polls.answer", "pk": 16, "fields": {"survey_instance": 1, "question": 22, "data": "\u041e\u0437\u043d\u0430\u043a\u043e\u043c\u043b\u0435\u043d\u0438\u0435 \u0441 \u0445\u043e\u043b\u0434\u0438\u043d\u0433\u043e\u043c \u0438 \u043f\u0440\u043e\u0434\u0432\u0438\u0436\u0435\u043d\u0438\u0435 \u0431\u0440\u0435\u043d\u0434\u0430 \u0445\u043e\u043b\u0434\u0438\u043d\u0433\u0430 \u0432 \u043a\u0430\u0447\u0435\u0441\u0442\u0432\u0435 \u043f\u0440\u0438\u0432\u043b\u0435\u043a\u0430\u0442\u0435\u043b\u044c\u043d\u043e\u0433\u043e \u0440\u0430\u0431\u043e\u0442\u043e\u0434\u0430\u0442\u0435\u043b\u044f \u0434\u043b\u044f \u043c\u043e\u043b\u043e\u0434\u0435\u0436\u0438|||\u041c\u0435\u0436\u0434\u0443\u043d\u0430\u0440\u043e\u0434\u043d\u043e\u0435 \u043c\u043e\u043b\u043e\u0434\u0435\u0436\u043d\u043e\u0435 \u0441\u043e\u0442\u0440\u0443\u0434\u043d\u0438\u0447\u0435\u0441\u0442\u0432\u043e|||\u0420\u0430\u0437\u0432\u0438\u0442\u0438\u0435 \u043a\u043e\u0440\u043f\u043e\u0440\u0430\u0442\u0438\u0432\u043d\u044b\u0445 \u043a\u043e\u043c\u043f\u0435\u0442\u0435\u043d\u0446\u0438\u0439 \u0443 \u043c\u043e\u043b\u043e\u0434\u044b\u0445 \u0440\u0430\u0431\u043e\u0442\u043d\u0438\u043a\u043e\u0432 \u0445\u043e\u043b\u0434\u0438\u043d\u0433\u0430|||\u041c\u0430\u0441\u0441\u043e\u0432\u043e\u0439 \u0441\u043f\u043e\u0440\u0442 \u0438 \u0437\u0434\u043e\u0440\u043e\u0432\u044b\u0439 \u043e\u0431\u0440\u0430\u0437 \u0436\u0438\u0437\u043d\u0438 \u043c\u043e\u043b\u043e\u0434\u0435\u0436\u0438"}}, {"model": "polls.answer", "pk": 17, "fields": {"survey_instance": 2, "question": 17, "data": "\u041c\u0443\u0436\u0441\u043a\u043e\u0439"}}, {"model": "polls.answer", "pk": 18, "fields": {"survey_instance": 2, "question": 21, "data": "1 \u0440\u0435\u0431\u0451\u043d\u043e\u043a"}}, {"model": "polls.answer", "pk": 19, "fields": {"survey_instance": 2, "question": 18, "data": "26 \u0438 \u0431\u043e\u043b\u0435\u0435 \u043b\u0435\u0442"}}, {"model": "polls.answer", "pk": 20, "fields": {"survey_instance": 2, "question": 19, "data": "\u041e\u0442 5 \u0434\u043e 10 \u043b\u0435\u0442"}}, {"model": "polls.answer", "pk": 21, "fields": {"survey_instance": 2, "question": 16, "data": "\u0421\u043e\u0441\u0442\u0430\u0432\u0438\u0442\u0435\u043b\u044c \u043f\u043e\u0435\u0437\u0434\u043e\u0432"}}, {"model": "polls.answer", "pk": 22, "fields": {"survey_instance": 2, "question": 15, "data": "\u0421\u043b\u0443\u0436\u0430\u0449\u0438\u0435"}}, {"model": "polls.answer", "pk": 23, "fields": {"survey_instance": 2, "question": 12, "data": "\u041f\u0440\u043e\u0433\u0440\u0435\u0441\u0441\u0438\u0432\u043d\u044b\u0439 \u0443\u0440\u043e\u0432\u0435\u043d\u044c"}}, {"model": "polls.answer", "pk": 24, "fields": {"survey_instance": 2, "question": 13, "data": "\u041d\u0435 \u0432\u043b\u0430\u0434\u0435\u044e"}}, {"model": "polls.answer", "pk": 25, "fields": {"survey_instance": 2, "question": 14, "data": "\u041d\u0435 \u0432\u043b\u0430\u0434\u0435\u044e"}}, {"model": "polls.answer", "pk": 26, "fields": {"survey_instance": 2, "question": 6, "data": "\u0414\u0430"}}, {"model": "polls.answer", "pk": 27, "fields": {"survey_instance": 2, "question": 7, "data": "\u041c\u0435\u043d\u0435\u0435 1 \u0433\u043e\u0434\u0430"}}, {"model": "polls.answer", "pk": 28, "fields": {"survey_instance": 2, "question": 1, "data": "30"}}, {"model": "polls.answer", "pk": 29, "fields": {"survey_instance": 2, "question": 3, "data": "\u0417\u0430\u0442\u0440\u0443\u0434\u043d\u044f\u044e\u0441\u044c \u043e\u0442\u0432\u0435\u0442\u0438\u0442\u044c"}}, {"model": "polls.answer", "pk": 30, "fields": {"survey_instance": 2, "question": 4, "data": "\u0417\u0430\u0442\u0440\u0443\u0434\u043d\u044f\u044e\u0441\u044c \u043e\u0442\u0432\u0435\u0442\u0438\u0442\u044c"}}, {"model": "polls.answer", "pk": 31, "fields": {"survey_instance": 2, "question": 5, "data": "\u0417\u0430\u0442\u0440\u0443\u0434\u043d\u044f\u044e\u0441\u044c \u043e\u0442\u0432\u0435\u0442\u0438\u0442\u044c"}}, {"model": "polls.answer", "pk": 32, "fields": {"survey_instance": 2, "question": 22, "data": "\u0416\u0438\u043b\u044c\u0435 \u0434\u043b\u044f \u043c\u043e\u043b\u043e\u0434\u0435\u0436\u0438|||\u041c\u0430\u0441\u0441\u043e\u0432\u043e\u0439 \u0441\u043f\u043e\u0440\u0442 \u0438 \u0437\u0434\u043e\u0440\u043e\u0432\u044b\u0439 \u043e\u0431\u0440\u0430\u0437 \u0436\u0438\u0437\u043d\u0438 \u043c\u043e\u043b\u043e\u0434\u0435\u0436\u0438"}}]